teamId,teamName,有效投篮命中率,篮下比重,篮下命中率,中距离比重,中距离命中率,三分比重,三分命中率,对手有效命中率,对手篮下比重,对手篮下命中率,对手中距离比重,对手中距离命中率,对手三分比重,对手三分命中率,篮下近距离比重,短中距离命中率,远中距离比重,长中距离命中率,底角三分比重,底角三分命中率,侧翼三分比重,非底角三分命中率,对手近距离比重,对手近距离命中率,对手远中距离比重,对手远中距离命中率,对手底角三分比重,对手底角三分命中率,对手侧翼三分比重,对手侧翼三分命中率,leagueEventId,leagueEvent,seasonId,season,year,playerId,playerName,playerEnName,number,age,sex,position,height,weight,positionCn,上场时间(分钟),上场时间(秒),onOff,球队比赛场次,球队eFG%百分位,球队篮下出手占比百分位排名,球队篮下命中率百分位排名,球队中距离出手占比百分位排名,球队中距离命中率百分位排名,球队三分出手占比百分位排名,球队三分命中率百分位排名,对手eFG%百分位,对手篮下出手占比百分位排名,对手篮下命中率百分位排名,对手中距离出手占比百分位排名,对手中距离命中率百分位排名,对手三分出手占比百分位排名,对手三分命中率百分位排名,_period
1003320449,北京大学,0.101565,0.040405,0.052502,-0.093658,0.120774,0.053252,0.0814,-0.044729,-0.023563,-0.21157,-0.019352,-0.002345,0.042915,0.007164,,,,,,,,,,,,,,,,,20005,CUBAL一级联赛,200406,2024-25,2024,92972,蔡雨昕,,,20,,,,,,725,,差值,,93.12,71.2,69.91,7.31,91.4,75.64,84.53,75.07,63.75,98.42,64.61,48.71,22.06,47.71,CUBAL一级联赛 2024
1003320449,北京大学,0.616412,0.454198,0.689076,0.194656,0.529412,0.351145,0.380435,0.343049,0.224215,0.34,0.32287,0.263889,0.452915,0.267327,0,0,0,0,0,0,0,0,0,0,0,0,0,0,0,0,20005,CUBAL一级联赛,200406,2024-25,2024,92972,蔡雨昕,,,20,,,,,,139.6,8378,不在场,,96.36,70.03,84.93,25,95.03,53.15,86.59,77.81,86.59,91.89,31.46,62.42,11.75,43.71,CUBAL一级联赛 2024
1003320449,北京大学,0.514847,0.413793,0.636574,0.288314,0.408638,0.297893,0.299035,0.387778,0.247778,0.55157,0.342222,0.266234,0.41,0.260163,0,0,0,0,0,0,0,0,0,0,0,0,0,0,0,0,20005,CUBAL一级联赛,200406,2024-25,2024,92972,蔡雨昕,,,20,,,,,,585.4,35122,在场,,80.46,57.95,75.99,58.28,79.97,32.95,67.88,61.09,83.44,45.7,25.5,62.09,23.34,48.34,CUBAL一级联赛 2024
1003320449,北京大学,0.018879,0.016455,-0.042741,-0.063643,0.164977,0.047188,-0.010579,-0.046848,-0.003931,-0.259041,-0.074936,0.012332,0.078867,0.004078,,,,,,,,,,,,,,,,,20005,CUBAL一级联赛,200406,2024-25,2024,92136,冯蔡依曼,,,19,,,,,,725.1,,差值,,60.89,57.59,30.8,16.19,95.99,72.92,43.41,75.79,51.86,99.43,90.97,41.83,9.31,49.14,CUBAL一级联赛 2024
1003320449,北京大学,0.551282,0.435897,0.611765,0.215385,0.571429,0.348718,0.308824,0.339181,0.239766,0.292683,0.274854,0.276596,0.48538,0.26506,0,0,0,0,0,0,0,0,0,0,0,0,0,0,0,0,20005,CUBAL一级联赛,200406,2024-25,2024,92136,冯蔡依曼,,,19,,,,,,112.9,6771,不在场,,88.91,63.25,69.37,32.45,97.52,51.99,71.19,78.81,84.77,95.7,47.35,58.77,8.61,45.7,CUBAL一级联赛 2024
1003320449,北京大学,0.532403,0.419442,0.654506,0.279028,0.406452,0.30153,0.319403,0.386029,0.243697,0.551724,0.34979,0.264264,0.406513,0.260982,0,0,0,0,0,0,0,0,0,0,0,0,0,0,0,0,20005,CUBAL一级联赛,200406,2024-25,2024,92136,冯蔡依曼,,,19,,,,,,612.2,36729,在场,,84.6,59.6,79.3,55.3,79.64,34.44,73.34,61.75,84.11,45.7,23.68,62.42,24.34,47.02,CUBAL一级联赛 2024
1003320449,北京大学,-0.07524,-0.023989,-0.035331,0.016811,-0.072014,0.007178,-0.077535,0.012375,0.027748,0.056525,0.032995,0.049561,-0.060743,-0.028589,,,,,,,,,,,,,,,,,20005,CUBAL一级联赛,200406,2024-25,2024,80550,伍湘琳,,,22,,,,,,725.0999999999999,,差值,,10.74,35.96,33.09,59.46,20.77,54.73,15.47,41.12,32.23,28.22,28.08,29.08,83.38,65.47,CUBAL一级联赛 2024
1003320449,北京大学,0.494088,0.408784,0.628099,0.278716,0.387879,0.3125,0.275676,0.385772,0.258517,0.542636,0.356713,0.292135,0.38477,0.244792,0,0,0,0,0,0,0,0,0,0,0,0,0,0,0,0,20005,CUBAL一级联赛,200406,2024-25,2024,80550,伍湘琳,,,22,,,,,,332.4,19941,不在场,,76.82,55.96,73.18,55.3,74.5,38.58,59.11,61.75,81.62,48.01,22.68,51.32,33.44,53.81,CUBAL一级联赛 2024
1003320449,北京大学,0.569328,0.432773,0.66343,0.261905,0.459893,0.305322,0.353211,0.373397,0.230769,0.486111,0.323718,0.242574,0.445513,0.273381,0,0,0,0,0,0,0,0,0,0,0,0,0,0,0,0,20005,CUBAL一级联赛,200406,2024-25,2024,80550,伍湘琳,,,22,,,,,,392.7,23559,在场,,91.56,62.91,79.64,47.68,88.25,36.09,80.96,65.4,85.93,63.25,30.3,68.87,12.58,41.06,CUBAL一级联赛 2024
1003320449,北京大学,-0.000254,0.03191,-0.016486,-0.018801,-0.035798,-0.013108,0.021689,-0.052932,-0.067784,-0.111506,0.00331,-0.057752,0.064474,-0.002072,,,,,,,,,,,,,,,,,20005,CUBAL一级联赛,200406,2024-25,2024,80549,王斯瑶,,,22,,,,,,725,,差值,,49,66.48,41.12,41.26,34.96,43.12,62.18,78.94,83.38,86.53,49,72.21,14.33,52.44,CUBAL一级联赛 2024
1003320449,北京大学,0.53504,0.444744,0.636364,0.256065,0.4,0.299191,0.333333,0.340764,0.194268,0.42623,0.340764,0.224299,0.464968,0.260274,0,0,0,0,0,0,0,0,0,0,0,0,0,0,0,0,20005,CUBAL一级联赛,200406,2024-25,2024,80549,王斯瑶,,,22,,,,,,200.1,12007,不在场,,84.93,67.22,74.83,45.36,77.98,33.44,77.98,78.81,90.89,77.98,25.66,73.84,10.26,48.34,CUBAL一级联赛 2024
1003320449,北京大学,0.535294,0.412834,0.65285,0.274866,0.435798,0.312299,0.311644,0.393696,0.262052,0.537736,0.337454,0.282051,0.400494,0.262346,0,0,0,0,0,0,0,0,0,0,0,0,0,0,0,0,20005,CUBAL一级联赛,200406,2024-25,2024,80549,王斯瑶,,,22,,,,,,524.9,31493,在场,,84.93,57.95,79.3,52.65,84.77,38.58,71.52,58.44,81.29,49.17,27.32,56.95,26.16,47.02,CUBAL一级联赛 2024
1003320449,北京大学,-0.037358,-0.112611,-0.00916,0.093244,-0.043492,0.019366,0.008215,0.028441,0.041299,0.106726,-0.025857,0.038184,-0.015441,-0.034126,,,,,,,,,,,,,,,,,20005,CUBAL一级联赛,200406,2024-25,2024,80548,罗巧梅,,,21,,,,,,725,,差值,,24.07,6.02,43.7,91.83,31.52,62.18,54.3,32.81,23.78,12.46,69.05,32.38,63.18,67.77,CUBAL一级联赛 2024
1003320449,北京大学,0.504386,0.328947,0.64,0.346491,0.392405,0.324561,0.324324,0.402778,0.277778,0.6,0.316667,0.298246,0.405556,0.232877,0,0,0,0,0,0,0,0,0,0,0,0,0,0,0,0,20005,CUBAL一级联赛,200406,2024-25,2024,80548,罗巧梅,,,21,,,,,,123.3,7396,不在场,,78.64,33.28,76.32,75.5,75.83,42.72,74.67,54.3,78.15,33.11,33.77,49.83,24.83,58.44,CUBAL一级联赛 2024
1003320449,北京大学,0.541744,0.441558,0.64916,0.253247,0.435897,0.305195,0.316109,0.374337,0.236479,0.493274,0.342524,0.260062,0.420997,0.267003,0,0,0,0,0,0,0,0,0,0,0,0,0,0,0,0,20005,CUBAL一级联赛,200406,2024-25,2024,80548,罗巧梅,,,21,,,,,,601.7,36104,在场,,86.26,65.56,78.48,44.7,84.77,36.09,73.18,65.4,84.93,62.58,25.5,63.74,19.7,43.71,CUBAL一级联赛 2024
1003320449,北京大学,0.003285,0.002067,-0.004386,0.027814,-0.045285,-0.029882,0.042848,-0.037785,0.047009,-0.061699,0.008317,-0.005012,-0.055326,-0.041621,,,,,,,,,,,,,,,,,20005,CUBAL一级联赛,200406,2024-25,2024,80546,陈怡静,,,21,,,,,,725,,差值,,51.58,49.43,46.28,67.05,30.8,34.53,71.92,71.06,21.06,74.07,45.85,49.71,82.38,70.2,CUBAL一级联赛 2024
1003320449,北京大学,0.534319,0.421331,0.649123,0.26188,0.439516,0.31679,0.306667,0.388956,0.230583,0.531579,0.336165,0.267148,0.433252,0.271709,0,0,0,0,0,0,0,0,0,0,0,0,0,0,0,0,20005,CUBAL一级联赛,200406,2024-25,2024,80546,陈怡静,,,21,,,,,,521.5,31289,在场,,84.93,59.93,78.48,47.68,85.26,40.07,69.87,60.26,85.93,50.5,27.48,60.6,16.39,42.38,CUBAL一级联赛 2024
1003320449,北京大学,0.537604,0.423398,0.644737,0.289694,0.394231,0.286908,0.349515,0.351171,0.277592,0.46988,0.344482,0.262136,0.377926,0.230088,0,0,0,0,0,0,0,0,0,0,0,0,0,0,0,0,20005,CUBAL一级联赛,200406,2024-25,2024,80546,陈怡静,,,21,,,,,,203.5,12211,不在场,,85.1,60.1,77.32,58.94,75.99,30.3,79.8,75.5,78.15,68.21,25,63.25,35.43,59.6,CUBAL一级联赛 2024
1003320449,北京大学,0.05693,0.021326,0.034046,-0.072318,0.137538,0.050991,0.003794,-0.044586,-0.051035,-0.247992,-0.001035,-0.050311,0.05207,0.052374,,,,,,,,,,,,,,,,,20005,CUBAL一级联赛,200406,2024-25,2024,76061,赵婧涵,,,18,,,,,,725,,差值,,81.38,60.6,63.18,12.89,93.55,74.79,51.72,74.93,77.65,99.28,52.87,70.06,18.34,25.79,CUBAL一级联赛 2024
1003320449,北京大学,0.516129,0.414747,0.636111,0.293779,0.388235,0.291475,0.316206,0.394062,0.260459,0.585492,0.338731,0.282869,0.40081,0.242424,0,0,0,0,0,0,0,0,0,0,0,0,0,0,0,0,20005,CUBAL一级联赛,200406,2024-25,2024,76061,赵婧涵,,,18,,,,,,477.2,28631,在场,,80.79,58.44,74.5,59.77,74.5,31.29,73.18,58.44,81.46,36.59,25.99,56.95,26.16,54.14,CUBAL一级联赛 2024
1003320449,北京大学,0.573059,0.436073,0.670157,0.221461,0.525773,0.342466,0.32,0.349476,0.209424,0.3375,0.337696,0.232558,0.45288,0.294798,0,0,0,0,0,0,0,0,0,0,0,0,0,0,0,0,20005,CUBAL一级联赛,200406,2024-25,2024,76061,赵婧涵,,,18,,,,,,247.8,14869,不在场,,92.05,63.58,82.28,34.11,94.7,48.34,73.51,75.66,88.58,91.89,27.15,71.19,11.75,33.28,CUBAL一级联赛 2024
1003320449,北京大学,0.010654,0.020185,0.066705,0.015779,-0.03953,-0.035963,-0.021436,0.050699,-0.003821,0.190217,0.035432,0.038599,-0.031611,-0.00602,,,,,,,,,,,,,,,,,20005,CUBAL一级联赛,200406,2024-25,2024,32013,王雨桐,,,20,,,,,,725,,差值,,56.45,59.46,74.79,58.31,33.24,31.66,37.54,17.62,51.58,2.72,26.5,32.09,72.92,54.58,CUBAL一级联赛 2024
1003320449,北京大学,0.541667,0.434109,0.6875,0.27907,0.402778,0.286822,0.304054,0.408602,0.24086,0.625,0.35914,0.287425,0.4,0.258065,0,0,0,0,0,0,0,0,0,0,0,0,0,0,0,0,20005,CUBAL一级联赛,200406,2024-25,2024,32013,王雨桐,,,20,,,,,,293.2,17592,不在场,,86.09,63.08,84.6,55.3,79.3,30.3,69.21,51.32,84.6,27.65,22.19,52.15,26.82,48.68,CUBAL一级联赛 2024
1003320449,北京大学,0.531013,0.413924,0.620795,0.263291,0.442308,0.322785,0.32549,0.357903,0.244681,0.434783,0.323708,0.248826,0.431611,0.264085,0,0,0,0,0,0,0,0,0,0,0,0,0,0,0,0,20005,CUBAL一级联赛,200406,2024-25,2024,32013,王雨桐,,,20,,,,,,431.8,25908,在场,,84.44,57.95,71.52,48.01,85.76,42.22,74.83,72.85,84.11,75.17,30.3,68.87,16.72,46.19,CUBAL一级联赛 2024
1003320449,北京大学,-0.018318,0.020909,0.008651,-0.043943,-0.105479,0.023034,0.003462,0.034122,0.042583,0.043907,-0.014466,-0.048549,-0.028116,0.052739,,,,,,,,,,,,,,,,,20005,CUBAL一级联赛,200406,2024-25,2024,32012,李若莹,,,21,,,,,,725,,差值,,37.68,60.03,51.72,26.5,10.74,64.33,51.43,27.79,23.5,32.81,61.46,69.05,71.2,25.21,CUBAL一级联赛 2024
1003320449,北京大学,0.546443,0.409091,0.642512,0.296443,0.486667,0.294466,0.315436,0.357809,0.216783,0.483871,0.347319,0.295302,0.435897,0.229947,0,0,0,0,0,0,0,0,0,0,0,0,0,0,0,0,20005,CUBAL一级联赛,200406,2024-25,2024,32012,李若莹,,,21,,,,,,280.9,16855,在场,,87.09,55.96,76.99,60.43,91.23,32.28,72.68,72.85,87.42,64.24,24.01,50,15.56,59.6,CUBAL一级联赛 2024
1003320449,北京大学,0.528125,0.43,0.651163,0.2525,0.381188,0.3175,0.318898,0.391931,0.259366,0.527778,0.332853,0.246753,0.407781,0.282686,0,0,0,0,0,0,0,0,0,0,0,0,0,0,0,0,20005,CUBAL一级联赛,200406,2024-25,2024,32012,李若莹,,,21,,,,,,444.1,26645,不在场,,83.77,62.42,79.14,44.54,73.18,40.4,73.34,59.44,81.62,51.66,28.81,68.87,24.01,38.25,CUBAL一级联赛 2024
1003320449,北京大学,-0.031984,-0.027079,-0.060086,0.016811,-0.003565,0.010267,-0.000768,0.074291,0.003852,0.130622,0.013329,0.057283,-0.01718,0.038833,,,,,,,,,,,,,,,,,20005,CUBAL一级联赛,200406,2024-25,2024,32006,李美潼,,,22,,,,,,725.1,,差值,,27.94,34.24,25.5,59.46,47.99,56.88,48.28,10.89,46.85,9.03,41.83,26.22,65.04,32.52,CUBAL一级联赛 2024
1003320449,北京大学,0.517736,0.407095,0.614108,0.278716,0.424242,0.314189,0.317204,0.418919,0.245174,0.582677,0.34556,0.296089,0.409266,0.283019,0,0,0,0,0,0,0,0,0,0,0,0,0,0,0,0,20005,CUBAL一级联赛,200406,2024-25,2024,32006,李美潼,,,22,,,,,,328.1,19683,不在场,,80.96,55.96,69.87,55.3,82.78,38.74,73.18,47.35,84.11,37.75,25,50,23.51,38.25,CUBAL一级联赛 2024
1003320449,北京大学,0.54972,0.434174,0.674194,0.261905,0.427807,0.303922,0.317972,0.344628,0.241322,0.452055,0.332231,0.238806,0.426446,0.244186,0,0,0,0,0,0,0,0,0,0,0,0,0,0,0,0,20005,CUBAL一级联赛,200406,2024-25,2024,32006,李美潼,,,22,,,,,,397,23817,在场,,88.74,63.08,82.45,47.68,82.78,35.43,73.18,77.48,84.6,71.85,28.81,69.37,17.88,53.81,CUBAL一级联赛 2024
1003320449,北京大学,-0.020576,0.015339,0.027864,0.049509,-0.028084,-0.064847,-0.053097,0.051116,-0.005399,0.164887,0.025745,0.06741,-0.020346,-0.012151,,,,,,,,,,,,,,,,,20005,CUBAL一级联赛,200406,2024-25,2024,32005,王家绘,,,22,,,,,,725,,差值,,36.25,56.59,60.89,78.51,38.25,20.06,23.35,17.48,53.3,4.73,33.09,23.93,67.77,57.59,CUBAL一级联赛 2024
1003320449,北京大学,0.526525,0.428382,0.659443,0.290451,0.415525,0.281167,0.292453,0.400152,0.240854,0.582278,0.349085,0.292576,0.410061,0.256506,0,0,0,0,0,0,0,0,0,0,0,0,0,0,0,0,20005,CUBAL一级联赛,200406,2024-25,2024,32005,王家绘,,,22,,,,,,429.8,25786,不在场,,83.28,61.75,79.47,58.94,80.96,29.14,65.73,55.3,84.6,37.75,23.84,51.32,23.34,49.17,CUBAL一级联赛 2024
1003320449,北京大学,0.547101,0.413043,0.631579,0.240942,0.443609,0.346014,0.34555,0.349036,0.246253,0.417391,0.32334,0.225166,0.430407,0.268657,0,0,0,0,0,0,0,0,0,0,0,0,0,0,0,0,20005,CUBAL一级联赛,200406,2024-25,2024,32005,王家绘,,,22,,,,,,295.2,17714,在场,,87.58,57.95,74.01,41.72,85.76,50.33,78.64,75.99,83.77,79.8,31.13,73.84,16.89,43.71,CUBAL一级联赛 2024
1003320449,北京大学,0.031567,0.021221,0.063328,0.070948,0.063896,-0.092171,-0.039439,0.003337,-0.049259,0.162929,0.019209,0.031216,0.03005,-0.053394,,,,,,,,,,,,,,,,,20005,CUBAL一级联赛,200406,2024-25,2024,32001,王乔睿,,,20,,,,,,725,,差值,,69.91,60.46,73.07,86.82,75.36,11.03,28.22,46.42,76.65,5.3,38.68,34.67,29.66,75.07,CUBAL一级联赛 2024
1003320449,北京大学,0.527439,0.416667,0.631707,0.252033,0.407258,0.331301,0.325153,0.378019,0.256039,0.476415,0.333333,0.257246,0.410628,0.276471,0,0,0,0,0,0,0,0,0,0,0,0,0,0,0,0,20005,CUBAL一级联赛,200406,2024-25,2024,32001,王乔睿,,,20,,,,,,543.2,32590,在场,,83.77,59.11,74.17,44.54,79.64,45.2,74.83,64.57,81.79,66.72,28.31,64.9,23.01,40.56,CUBAL一级联赛 2024
1003320449,北京大学,0.559006,0.437888,0.695035,0.322981,0.471154,0.23913,0.285714,0.381356,0.20678,0.639344,0.352542,0.288462,0.440678,0.223077,0,0,0,0,0,0,0,0,0,0,0,0,0,0,0,0,20005,CUBAL一级联赛,200406,2024-25,2024,32001,王乔睿,,,20,,,,,,181.8,10910,不在场,,90.4,64.4,85.93,68.54,89.57,16.06,62.25,63.25,88.91,23.84,23.01,52.15,13.74,61.09,CUBAL一级联赛 2024
1003320449,北京大学,0.02477,0.040021,-0.055407,-0.054818,0.0486,0.014797,0.058611,0.019466,0.004953,-0.026869,-0.039995,-0.056316,0.035044,0.058928,,,,,,,,,,,,,,,,,20005,CUBAL一级联赛,200406,2024-25,2024,31999,贾晋文,,,20,,,,,,725.1,,差值,,65.47,71.06,27.22,20.2,68.77,59.46,78.22,37.25,45.99,62.32,78.08,72.06,26.79,21.92,CUBAL一级联赛 2024
1003320449,北京大学,0.528451,0.410959,0.664103,0.28451,0.414815,0.304531,0.301038,0.373626,0.241758,0.520202,0.349206,0.27972,0.409035,0.244776,0,0,0,0,0,0,0,0,0,0,0,0,0,0,0,0,20005,CUBAL一级联赛,200406,2024-25,2024,31999,贾晋文,,,20,,,,,,536.7,32199,在场,,83.94,57.28,79.64,56.95,80.96,35.6,69.21,65.4,84.6,54.14,23.84,57.45,23.68,53.81,CUBAL一级联赛 2024
1003320449,北京大学,0.553221,0.45098,0.608696,0.229692,0.463415,0.319328,0.359649,0.393092,0.246711,0.493333,0.309211,0.223404,0.444079,0.303704,0,0,0,0,0,0,0,0,0,0,0,0,0,0,0,0,20005,CUBAL一级联赛,200406,2024-25,2024,31999,贾晋文,,,20,,,,,,188.4,11301,不在场,,89.57,68.54,68.87,37.91,89.07,40.89,82.28,58.44,83.61,62.58,35.6,73.84,12.75,30.79,CUBAL一级联赛 2024
1003320449,北京大学,-0.074346,-0.055005,-0.032327,0.109074,-0.037354,-0.054071,-0.084507,-0.065279,-0.023358,-0.044313,0.036088,0.008396,-0.01273,-0.082778,,,,,,,,,,,,,,,,,20005,CUBAL一级联赛,200406,2024-25,2024,30230,安恒瑶,,,19,,,,,,725,,差值,,11.17,20.49,33.67,93.98,34.24,24.21,13.61,84.24,63.47,68.77,25.5,44.13,61.17,85.82,CUBAL一级联赛 2024
1003320449,北京大学,0.474026,0.376623,0.62069,0.359307,0.39759,0.264069,0.245902,0.324022,0.223464,0.475,0.368715,0.272727,0.407821,0.191781,0,0,0,0,0,0,0,0,0,0,0,0,0,0,0,0,20005,CUBAL一级联赛,200406,2024-25,2024,30230,安恒瑶,,,19,,,,,,122.4,7346,不在场,,72.35,46.69,71.36,77.81,75.99,23.84,46.36,82.78,86.75,66.89,19.87,59.6,24.01,73.68,CUBAL一级联赛 2024
1003320449,北京大学,0.548372,0.431628,0.653017,0.250233,0.434944,0.31814,0.330409,0.389301,0.246822,0.519313,0.332627,0.264331,0.420551,0.274559,0,0,0,0,0,0,0,0,0,0,0,0,0,0,0,0,20005,CUBAL一级联赛,200406,2024-25,2024,30230,安恒瑶,,,19,,,,,,602.6,36154,在场,,87.58,62.75,79.3,44.54,84.77,40.4,75.17,60.26,83.44,54.97,28.81,62.42,19.7,41.06,CUBAL一级联赛 2024
1003320449,北京大学,0.028672,-0.036708,-0.014155,-0.032959,0.042411,0.069666,0.05852,-0.053233,0.045023,-0.112137,-0.039492,-0.084617,-0.005532,-0.012292,,,,,,,,,,,,,,,,,20005,CUBAL一级联赛,200406,2024-25,2024,30097,钱媛媛,,,18,,,,,,725,,差值,,68.48,29.23,41.69,32.23,66.19,82.38,77.94,79.08,22.06,86.68,77.08,81.09,54.87,57.74,CUBAL一级联赛 2024
1003320449,北京大学,0.552632,0.39961,0.639024,0.249513,0.453125,0.350877,0.35,0.34633,0.270642,0.449153,0.31422,0.211679,0.415138,0.254144,0,0,0,0,0,0,0,0,0,0,0,0,0,0,0,0,20005,CUBAL一级联赛,200406,2024-25,2024,30097,钱媛媛,,,18,,,,,,277.7,16664,不在场,,89.4,53.48,76.16,43.54,87.09,52.98,80.3,76.82,79.8,72.35,34.27,77.98,21.85,49.5,CUBAL一级联赛 2024
1003320449,北京大学,0.52396,0.436318,0.653179,0.282472,0.410714,0.281211,0.29148,0.399563,0.225619,0.56129,0.353712,0.296296,0.42067,0.266436,0,0,0,0,0,0,0,0,0,0,0,0,0,0,0,0,20005,CUBAL一级联赛,200406,2024-25,2024,30097,钱媛媛,,,18,,,,,,447.3,26836,在场,,82.62,63.58,79.3,56.13,80.3,29.14,64.9,55.79,86.42,43.71,22.85,50,19.7,45.7,CUBAL一级联赛 2024